{"cameraMode":{"drawMode":0,"name":"Shaded","section":"Shading Mode"},"sceneLighting":false,"audioPlay":false,"sceneViewState":{"m_AlwaysRefresh":false,"showFog":true,"showSkybox":true,"showFlares":true,"showImageEffects":true,"showParticleSystems":true,"showVisualEffectGraphs":true,"m_FxEnabled":true},"in2DMode":false,"pivot":{"x":-1.0610427856445313,"y":11.808820724487305,"z":-21.59225082397461},"rotation":{"x":-0.3212354779243469,"y":0.32934942841529848,"z":-0.12024503946304321,"w":-0.8797414898872376},"size":0.11907756328582764,"orthographic":false}