{"cameraMode":{"drawMode":0,"name":"Shaded","section":"Shading Mode"},"sceneLighting":true,"audioPlay":false,"sceneViewState":{"m_AlwaysRefresh":false,"showFog":true,"showSkybox":true,"showFlares":true,"showImageEffects":true,"showParticleSystems":true,"showVisualEffectGraphs":true,"m_FxEnabled":true},"in2DMode":false,"pivot":{"x":2.3369545936584474,"y":5.244239330291748,"z":-6.683084011077881},"rotation":{"x":0.16005760431289674,"y":-0.22151920199394227,"z":0.036887090653181079,"w":0.9612306952476502},"size":0.8660253882408142,"orthographic":true}