{"cameraMode":{"drawMode":0,"name":"Shaded","section":"Shading Mode"},"sceneLighting":true,"audioPlay":false,"sceneViewState":{"m_AlwaysRefresh":false,"showFog":true,"showSkybox":true,"showFlares":true,"showImageEffects":true,"showParticleSystems":true,"showVisualEffectGraphs":true,"m_FxEnabled":true},"in2DMode":false,"pivot":{"x":12.359319686889649,"y":22.850950241088868,"z":-51.94196319580078},"rotation":{"x":0.06995774805545807,"y":0.07309495657682419,"z":-0.005325514357537031,"w":0.9948562383651733},"size":0.036623839288949969,"orthographic":false}