{"cameraMode":{"drawMode":0,"name":"Shaded","section":"Shading Mode"},"sceneLighting":false,"audioPlay":false,"sceneViewState":{"m_AlwaysRefresh":false,"showFog":true,"showSkybox":false,"showFlares":true,"showImageEffects":true,"showParticleSystems":true,"showVisualEffectGraphs":true,"m_FxEnabled":true},"in2DMode":false,"pivot":{"x":-0.3997885584831238,"y":2.3154749870300295,"z":0.9206447601318359},"rotation":{"x":-0.0039152344688773159,"y":-0.9960561394691467,"z":-0.07602353394031525,"w":0.04762136563658714},"size":1.9800167083740235,"orthographic":false}